Species,Sample1,Sample2,Sample3,Sample4
s__2-02-FULL-62-17 sp001770355,0.0,0.0,0.00049,0.0
s__2-02-FULL-63-19 sp001770415,0.0,0.0,0.00075,0.0
s__2-02-FULL-63-19 sp001770425,0.0,0.0,0.00075,0.0
s__2-02-FULL-66-14 sp001770475,0.0,0.0,0.00297,0.0
s__2-02-FULL-66-14 sp001771975,0.0,0.0,0.00563,0.0
s__2-02-FULL-66-14 sp002451175,0.0,0.0,0.0035,0.0
s__2-02-FULL-66-14 sp004298295,0.0,0.0,0.00346,0.0
s__2-12-FULL-62-58 sp001771985,0.0,0.0,0.00213,0.0
s__2-12-FULL-62-58 sp001772005,0.0,0.0,0.00177,0.0
s__2-12-FULL-64-23 sp001770575,0.0,0.0,0.00084,0.0
s__2-12-FULL-64-23 sp004298385,0.0,0.0,0.00071,0.0
s__2-12-FULL-64-23 sp007280315,0.0,0.0,0.00084,0.0
s__2-12-FULL-68-20 sp001770655,0.0,0.0,0.01566,0.0
s__20CM-2-65-7 sp003221035,0.0,0.0,0.00142,0.0
s__20CM-2-65-7 sp003221895,0.00032,0.0,0.00195,0.0
s__20CM-2-65-7 sp003223395,0.0,0.0,0.00084,0.0
s__40CM-4-65-16 sp005889085,0.00041,0.0,0.0,0.0
s__40CM-4-65-8 sp001917905,0.00059,0.00051,0.00044,0.0
s__AAP99 sp001295775,0.0,0.0,0.00049,0.0
s__AG11 sp003223455,0.00038,0.0,0.00058,0.0
s__AG12 sp003222235,0.0,0.0,0.00049,0.0
s__AG29 sp003222115,0.0,0.0,0.00049,0.0
s__AG41 sp003222055,0.0,0.0,0.00049,0.0
s__AR12 sp003220225,0.0,0.0,0.00106,0.0
s__AR12 sp003220475,0.00038,0.0,0.0,0.0
s__AR31 sp003220495,0.00062,0.0,0.0,0.0
s__AR31 sp003220535,0.0,0.0,0.00044,0.0
s__AR31 sp003220685,0.0,0.0,0.00044,0.0
s__AR31 sp003221595,0.00363,0.00438,0.0,0.0
s__AR31 sp003221615,0.00091,0.00089,0.00058,0.0
s__AR44 sp003221455,0.0,0.0,0.00053,0.0
s__AV55 sp003218265,0.00041,0.0,0.0,0.0
s__AV55 sp003219335,0.0,0.00043,0.0,0.0
s__AV55 sp003219435,0.00062,0.0,0.0,0.0
s__AV69 sp003221295,0.00032,0.0,0.0,0.0
s__AV80 sp003134765,0.00035,0.0,0.0,0.0
s__AWTP1-13 sp003963125,0.0,0.0,0.00053,0.0
s__Accumulibacter aalborgensis,0.0,0.0,0.00049,0.0
s__Achromobacter sp002975275,0.0,0.00047,0.0,0.0
s__Acinetobacter johnsonii,0.0,0.0,0.00058,0.0
s__Acinetobacter sp004336635,0.00076,0.00081,0.00115,0.0
s__Actinomadura_B rubrobrunea,0.01008,0.00502,0.00182,0.00638
s__Actinoplanes globisporus,0.0,0.00119,0.0,0.0
s__Aeribacillus pallidus,0.00138,0.00068,0.00208,0.00226
s__Aeromicrobium sp002476985,0.0,0.00068,0.0,0.0
s__Aeromonas encheleia,0.0,0.0,0.00062,0.0
s__Agromyces cerinus,0.0007,0.0,0.00067,0.00106
s__Agromyces ramosus,0.00522,0.00319,0.00111,0.0012
s__Agromyces sp001421565,0.0,0.0,0.00049,0.0
s__Agromyces sp001428255,0.00114,0.0,0.0,0.0
s__Agromyces sp001429165,0.00029,0.0,0.00098,0.00067
s__Aldersonia kunmingensis,0.00141,0.0,0.0,0.0
s__Algoriphagus sp002002735,0.00106,0.0,0.0,0.0
s__Algoriphagus terrigena,0.00032,0.0,0.00062,0.0
s__Altererythrobacter_B troitsensis,0.0,0.00043,0.0,0.0
s__Arenibacter troitsensis,0.0,0.0,0.00049,0.0
s__Arenimonas sp001801685,0.0,0.0,0.0008,0.0
s__Arenimonas sp006265115,0.0,0.0,0.00053,0.0
s__Arthrobacter_I sp001422645,0.04493,0.03957,0.00342,0.00811
s__Azohydromonas lata,0.0,0.0,0.00053,0.0
s__BOG-994 sp003136595,0.0,0.0,0.00093,0.0
s__Bacillus altitudinis,0.00135,0.00128,0.0059,0.0048
s__Bacillus glycinifermentans,0.00047,0.00043,0.00067,0.0
s__Bacillus licheniformis,0.00355,0.0043,0.01956,0.01315
s__Bacillus paralicheniformis,0.0,0.0,0.0012,0.00096
s__Bacillus safensis,0.00041,0.00047,0.00182,0.00115
s__Bacillus subtilis,0.00147,0.00136,0.00665,0.00499
s__Bacillus_AM fordii,0.0,0.0,0.0,0.00072
s__Bacillus_BB sp001884825,0.00041,0.00051,0.00075,0.00394
s__Bacillus_BB thermozeamaize,0.00047,0.0,0.00044,0.00072
s__Bacillus_C megaterium,0.0,0.0,0.0,0.00048
s__Bacillus_H clausii,0.0,0.0,0.0008,0.00053
s__Bacillus_J thermoamylovorans,0.00029,0.0,0.00049,0.00101
s__Bacillus_O smithii,0.00035,0.00055,0.0,0.00067
s__Bacillus_W sp000747345,0.0007,0.00055,0.00053,0.00134
s__Bacillus_X frigoritolerans,0.0,0.0,0.0,0.00062
s__Blastococcus sp004570385,0.0007,0.00183,0.0,0.00058
s__Blastococcus sp004570875,0.0,0.0,0.0,0.00077
s__Bordetella_A petrii,0.0,0.0,0.00044,0.0
s__Bosea sp000735605,0.02869,0.05328,0.00115,0.00144
s__Bosea sp001748145,0.00097,0.0006,0.0,0.0
s__Bradyrhizobium algeriense,0.00492,0.00302,0.00271,0.00744
s__Bradyrhizobium erythrophlei_A,0.0044,0.0054,0.00062,0.00125
s__Bradyrhizobium erythrophlei_C,0.00053,0.0,0.00071,0.0
s__Bradyrhizobium erythrophlei_D,0.00059,0.0,0.00067,0.00048
s__Bradyrhizobium jicamae,0.00067,0.00064,0.0,0.00067
s__Bradyrhizobium lablabi,0.0005,0.0,0.00053,0.00062
s__Bradyrhizobium lablabi_B,0.0,0.0,0.0,0.00048
s__Bradyrhizobium ottawaense_A,0.0,0.0,0.00049,0.00053
s__Bradyrhizobium retamae,0.0005,0.0,0.0,0.0
s__Bradyrhizobium sp000701345,0.00273,0.00302,0.0,0.0
s__Bradyrhizobium sp001464035,0.00088,0.0,0.00102,0.00269
s__Bradyrhizobium sp005884465,0.00032,0.0,0.0,0.0
s__Bradyrhizobium sp005885285,0.00038,0.0,0.0,0.0
s__Bradyrhizobium valentinum,0.00106,0.00094,0.00071,0.00173
s__Brevibacillus borstelensis,0.00252,0.00366,0.00657,0.00283
s__Brevibacillus gelatini,0.00176,0.00272,0.00315,0.00355
s__Brevibacillus panacihumi,0.0,0.0,0.0,0.00048
s__Brevibacillus sp003388715,0.00264,0.00306,0.00807,0.00518
s__Brevundimonas bullata,0.0,0.00043,0.0,0.0
s__Brevundimonas sp001427825,0.0,0.0,0.00071,0.0
s__CG2-30-68-42 sp001872285,0.0,0.0,0.00062,0.0
s__Caballeronia glathei,0.0,0.00081,0.0,0.0
s__Caldibacillus debilis,0.0,0.0,0.00049,0.0012
s__Castellaniella caeni,0.0,0.0,0.00071,0.0
s__Catellatospora citrea,0.00234,0.00238,0.00071,0.00163
s__Cellulomonas sp001424125,0.00205,0.00204,0.00177,0.00269
s__Cellulomonas sp001424195,0.00085,0.00111,0.00089,0.0012
s__Cellulomonas sp001426705,0.0007,0.00098,0.0008,0.0
s__Cellulomonas sp001429255,0.00035,0.0,0.0,0.0
s__Cellulosimicrobium cellulans_B,0.0,0.00085,0.0,0.0
s__Cellvibrio sp002162135,0.00059,0.0,0.0,0.0
s__Chitinimonas koreensis,0.0,0.0,0.00075,0.0
s__Cutibacterium acnes,0.0,0.0006,0.0008,0.0
s__DP-20 sp005879255,0.02509,0.03864,0.0012,0.0
s__DP-20 sp005879435,0.00621,0.0037,0.0,0.0
s__DTU014 sp900016865,0.0,0.0,0.0,0.00053
s__Desertimonas flava,0.0,0.0,0.00067,0.00091
s__Devosia insulae,0.00053,0.0,0.0,0.0
s__ELB16-189 sp001567185,0.0,0.0,0.00142,0.0
s__Ensifer adhaerens_A,0.00261,0.00289,0.00146,0.00187
s__Ensifer adhaerens_B,0.0,0.0,0.00044,0.0
s__Ensifer sp002002725,0.00064,0.00174,0.0,0.00086
s__Erwinia billingiae,0.0,0.0,0.00067,0.00048
s__Erwinia persicina,0.0,0.0,0.0,0.0012
s__FEB-22 sp003105195,0.00067,0.0,0.0,0.0
s__FEB-7 sp003105245,0.0,0.0,0.00106,0.0
s__FEN-1219 sp003155415,0.0,0.0,0.00111,0.0
s__Fen-999 sp003158255,0.0,0.0,0.00049,0.0
s__Flavobacterium fluvii,0.0,0.0,0.00337,0.0
s__Flavobacterium pectinovorum,0.0,0.0,0.00044,0.0
s__Flavobacterium sp000813005,0.0,0.0,0.00067,0.0
s__Flavobacterium sp001428525,0.0,0.0,0.0,0.00254
s__Flavobacterium sp002001005,0.0,0.0,0.00049,0.0
s__Flavobacterium sp002280815,0.0,0.0,0.00377,0.0
s__Flavobacterium sp002304005,0.0,0.0,0.0,0.00221
s__Flavobacterium sp002797935,0.0,0.0,0.0008,0.0
s__Flavobacterium sp003202405,0.0,0.0,0.00115,0.0
s__Flavobacterium terrigena,0.0,0.0,0.00062,0.0
s__GCA-2684655 sp002684655,0.0,0.0,0.00169,0.0
s__GJ-E10 sp000828975,0.0,0.0,0.00049,0.0
s__GMQP-bins7 sp004366385,0.00832,0.0,0.00381,0.00221
s__GMQP-bins7 sp005888365,0.0,0.0,0.00053,0.0
s__GR16-43 sp001953215,0.0,0.0,0.00062,0.0
s__GW928-bin9 sp004296785,0.00035,0.0,0.0,0.0
s__Ga0077523 sp001464695,0.0,0.0,0.00075,0.0
s__Ga0077526 sp001464765,0.0,0.0,0.00049,0.0
s__Ga0077527 sp001464815,0.0,0.0,0.0008,0.0
s__Ga0077527 sp003820645,0.0,0.0,0.0134,0.0
s__Ga0077538 sp003990915,0.0,0.0,0.00049,0.0
s__Ga0077555 sp001464855,0.00079,0.00272,0.00075,0.00259
s__Gaiella occulta,0.0,0.0,0.00067,0.00082
s__Gallionella sp001801215,0.0,0.0,0.0008,0.0
s__Geobacillus thermodenitrificans,0.00328,0.01226,0.00927,0.01075
s__Gp6-AA45 sp003223775,0.0,0.0,0.00089,0.0
s__HRBIN33 sp002923375,0.0,0.0,0.00053,0.0
s__Haliangium ochraceum,0.0,0.0,0.00049,0.0
s__Herbinix hemicellulosilytica,0.0,0.0,0.00067,0.00058
s__Herbinix luporum,0.0,0.00055,0.00191,0.00077
s__Herbivorax saccincola,0.0,0.0,0.0,0.00106
s__Hungateiclostridium sp001512505,0.0,0.0,0.0,0.00461
s__Hungateiclostridium straminisolvens,0.0,0.0,0.00058,0.0
s__Hungateiclostridium thermocellum,0.0,0.0,0.0,0.00096
s__Hyalangium minutum,0.00059,0.00089,0.0,0.0
s__Hydrogenophaga sp005503365,0.0046,0.00081,0.00062,0.0
s__Ideonella_A sakaiensis,0.0,0.0,0.00044,0.0
s__Jiangella sp003579925,0.00094,0.0,0.0,0.0
s__Krasilnikoviella flava,0.00032,0.0,0.0,0.00048
s__Kribbella albertanoniae,0.0,0.0,0.00106,0.0
s__Kribbella antibiotica,0.0,0.0,0.00053,0.0
s__Kribbella sp004342025,0.00094,0.00191,0.0,0.0
s__Laceyella sacchari,0.00179,0.00285,0.00262,0.00619
s__Laceyella sediminis,0.00108,0.00145,0.00151,0.0035
s__Lacunisphaera limnophila,0.0,0.0,0.00075,0.0
s__Lacunisphaera sp004118375,0.0,0.0,0.00049,0.0
s__Lacunisphaera sp900104925,0.00029,0.0,0.00058,0.0
s__Lentzea waywayandensis,0.0,0.0,0.0,0.00048
s__Luteitalea sp001464065,0.00032,0.0,0.0,0.0
s__Lysobacter antibioticus,0.0,0.0,0.00146,0.0
s__Lysobacter antibioticus_B,0.0,0.0,0.00146,0.0
s__Lysobacter sp001427225,0.0,0.0,0.00124,0.00101
s__Lysobacter sp003719825,0.00041,0.00051,0.01065,0.0
s__Marmoricola sp000426045,0.0,0.0,0.00093,0.00096
s__Massilia glaciei,0.0,0.0,0.00049,0.0
s__Massilia sp001412595,0.0,0.0,0.00049,0.0
s__Massilia yuzhufengensis,0.0,0.0,0.00053,0.0
s__Methanoculleus thermophilus,0.00076,0.0,0.00062,0.00053
s__Methanosarcina barkeri,0.00129,0.00128,0.0,0.00053
s__Methanosarcina barkeri_A,0.06269,0.0,0.0,0.0
s__Methanosarcina horonobensis,0.0,0.00047,0.0,0.0
s__Methanosarcina mazei,0.00141,0.00051,0.0,0.00197
s__Methanosarcina thermophila,0.00226,0.00498,0.00204,0.01306
s__Methylobacter luteus,0.0,0.0,0.0,0.00096
s__Methylocaldum marinum,0.00149,0.00149,0.00115,0.00134
s__Methylocaldum szegediense,0.00085,0.00081,0.00053,0.00134
s__Methyloceanibacter marginalis,0.0,0.00068,0.00075,0.00048
s__Methyloceanibacter sp002383105,0.00035,0.0,0.0,0.0
s__Methyloceanibacter superfactus,0.0,0.0,0.00058,0.0
s__Microbacterium phyllosphaerae,0.0,0.0,0.00075,0.0025
s__Microbacterium sp001422925,0.0,0.00064,0.0,0.0
s__Microbacterium sp001428485,0.0,0.00128,0.0,0.0
s__Microbacterium sp900114345,0.0,0.0,0.0,0.00086
s__Micromonospora aurantiaca,0.0,0.0,0.0,0.00072
s__Micromonospora coriariae,0.0,0.0,0.0,0.00259
s__Micromonospora cremea,0.0,0.0,0.0,0.00048
s__Micromonospora purpureochromogenes,0.0,0.00043,0.00058,0.0
s__Micromonospora sp003857055,0.0,0.0006,0.0,0.00067
s__Micromonospora zamorensis,0.0,0.00064,0.0,0.0
s__Microterricola sp001425085,0.00041,0.00106,0.0,0.0
s__Microterricola sp003610585,0.00038,0.0,0.0,0.00048
s__Microvirga aerophila,0.0,0.0,0.00049,0.0
s__Microvirga lotononidis,0.00035,0.0,0.0,0.0
s__Microvirga lupini,0.00076,0.00089,0.0,0.0
s__Microvirga ossetica,0.04408,0.03817,0.00319,0.02275
s__Mycobacterium agri,0.00903,0.00379,0.00053,0.0
s__Mycobacterium elephantis,0.00161,0.00209,0.00146,0.00134
s__Mycobacterium goodii_B,0.00032,0.0,0.0,0.0
s__Mycobacterium hassiacum,0.00443,0.00647,0.00315,0.01253
s__Mycobacterium holsaticum,0.00067,0.00068,0.00204,0.00206
s__Mycobacterium moriokaense_A,0.0,0.0,0.00053,0.0
s__Mycobacterium phlei,0.00044,0.0,0.0,0.0
s__Mycobacterium smegmatis,0.0005,0.0,0.00058,0.0
s__Mycobacterium sp001428895,0.00196,0.00366,0.0012,0.00235
s__Mycobacterium sp002591975,0.00053,0.00089,0.00133,0.00086
s__Mycobacterium sp003719305,0.0,0.0,0.00062,0.0
s__Mycobacterium sp900078375,0.0,0.00055,0.0,0.0
s__Mycobacterium thermoresistibile,0.00114,0.0,0.01047,0.00062
s__Mycobacterium tusciae,0.0,0.0,0.0,0.00077
s__Mycobacterium tusciae_A,0.00097,0.00098,0.0012,0.0011
s__NIC37A-2 sp002085155,0.0,0.0,0.00049,0.0
s__NS-7 sp005877775,0.0,0.0,0.00062,0.0
s__Nakamurella multipartita,0.0007,0.00128,0.0,0.0
s__Nannocystis exedens,0.00038,0.00043,0.0,0.0
s__Niastella sp004341975,0.00443,0.0,0.0,0.0
s__Nibricoccus aquaticus,0.00044,0.0,0.0,0.0
s__Nitrobacter vulgaris,0.01125,0.01911,0.0012,0.00418
s__Nitrosarchaeum koreense,0.00504,0.00115,0.0,0.0
s__Nitrosocosmicus franklandus,0.00932,0.00345,0.00155,0.00125
s__Nitrosocosmicus oleophilus,0.02529,0.03196,0.01078,0.0061
s__Nitrosospira multiformis_D,0.0,0.00277,0.0,0.0
s__Nitrosospira sp900113575,0.00275,0.0074,0.00102,0.00134
s__Nocardia salmonicida,0.00393,0.00396,0.00657,0.00398
s__Nocardioides allogilvus,0.0,0.0,0.00084,0.00053
s__Nocardioides alpinus,0.0,0.0,0.00053,0.00115
s__Nocardioides dokdonensis,0.0,0.0,0.0,0.00067
s__Nocardioides glacieisoli,0.00059,0.00132,0.00213,0.00096
s__Nocardioides halotolerans,0.0,0.0,0.0,0.00115
s__Nocardioides sediminis,0.0,0.0,0.00049,0.0
s__Nocardioides sp001425025,0.0,0.00064,0.00044,0.0
s__Nocardioides sp001425175,0.0,0.0,0.00053,0.0
s__Nocardioides sp001428565,0.0,0.0,0.00204,0.0
s__Nocardioides sp002117935,0.0,0.0,0.00049,0.0
s__Nocardioides sp003160695,0.0,0.0,0.00044,0.0
s__Nocardioides sp004137345,0.0,0.0,0.00124,0.00163
s__Nocardioides sp004519545,0.00035,0.00102,0.00075,0.00144
s__Nocardioides sp004564375,0.00566,0.01255,0.00177,0.00398
s__Nocardioides sp004683965,0.0,0.0,0.00058,0.00048
s__Nocardioides szechwanensis,0.0,0.0,0.0008,0.0
s__Nocardioides terrigena,0.01662,0.02332,0.00311,0.00821
s__Nodosilinea sp003017855,0.0,0.0,0.00071,0.0
s__Novibacillus thermophilus,0.00196,0.00251,0.00621,0.00816
s__Noviherbaspirillum massiliense,0.0,0.0,0.00044,0.0
s__Noviherbaspirillum sp004570315,0.0,0.0,0.00044,0.0
s__Oerskovia enterophila,0.0,0.0,0.0,0.0011
s__Oerskovia turbata,0.0,0.00085,0.0,0.0
s__PALSA-1003 sp005882995,0.0,0.0,0.00049,0.0
s__PALSA-1003 sp005888955,0.0,0.0,0.00049,0.0
s__PALSA-1004 sp003153455,0.0,0.0,0.00044,0.0
s__PALSA-894 sp003140315,0.0,0.0,0.00044,0.0
s__PALSA-894 sp005884685,0.0,0.0,0.00084,0.00086
s__PLOWO2-02-64-14 sp001770325,0.00185,0.0014,0.00191,0.0
s__Paenarthrobacter nitroguajacolicus,0.0,0.01345,0.0,0.0
s__Paenarthrobacter sp002224285,0.0,0.00043,0.0,0.0
s__Paenarthrobacter sp002979775,0.0,0.0,0.0,0.00365
s__Paenibacillus lactis,0.0,0.0,0.00049,0.00062
s__Paenibacillus_A barengoltzii,0.00053,0.00043,0.00067,0.00096
s__Paenibacillus_M ginsengihumi,0.00038,0.00077,0.00191,0.00062
s__Paenibacillus_Q ihumii,0.0,0.0,0.00067,0.0
s__Paenisporosarcina sp000411295,0.0,0.00064,0.0,0.0
s__Paenisporosarcina sp000484595,0.00073,0.00043,0.0,0.0
s__Paenisporosarcina sp003058165,0.00126,0.00111,0.0,0.0
s__Palsa-1315 sp003135435,0.00041,0.0,0.00044,0.0
s__Palsa-1315 sp005116885,0.00188,0.00396,0.0,0.0
s__Palsa-1315 sp005239475,0.00038,0.0,0.00053,0.0
s__Palsa-1315 sp005887945,0.00158,0.0,0.00049,0.0
s__Palsa-89 sp003166865,0.0,0.00047,0.0,0.0
s__Paraburkholderia terricola,0.0,0.0,0.00044,0.0
s__Parageobacillus thermantarcticus,0.00064,0.00191,0.0,0.00302
s__Parageobacillus thermoglucosidasius_A,0.0,0.00043,0.0,0.00048
s__Parageobacillus toebii,0.0,0.0,0.00044,0.00058
s__Parageobacillus_A caldoxylosilyticus,0.00076,0.00162,0.0008,0.00547
s__Pararhizobium sp000745255,0.00038,0.0,0.0,0.00077
s__Pararhizobium sp001426665,0.0,0.00043,0.0,0.0
s__Pararhizobium sp900473795,0.00064,0.0,0.0,0.0
s__Pararhizobium sp900474095,0.00056,0.00068,0.00164,0.00206
s__Paucibacter_A aquatile,0.0,0.0,0.00049,0.0
s__Peribacter sp001872575,0.0,0.0,0.00049,0.0
s__Phycicoccus jejuensis,0.0,0.0,0.0,0.00058
s__Phyllobacterium brassicacearum,0.00032,0.0,0.0,0.00067
s__Phyllobacterium sophorae,0.00056,0.0,0.00102,0.0013
s__Phyllobacterium sp900470925,0.0,0.00047,0.0,0.00048
s__Pigmentiphaga sp900606115,0.0,0.0,0.00044,0.0
s__Piscinibacter defluvii,0.0,0.0,0.00044,0.0
s__Planifilum fimeticola,0.00431,0.00409,0.00568,0.0107
s__Planifilum fulgidum,0.04566,0.07881,0.04117,0.06177
s__Planococcus glaciei,0.0,0.00043,0.0,0.0
s__Planococcus koreense,0.0,0.00868,0.0,0.0
s__Polaromonas sp000688115,0.0,0.0,0.00129,0.0
s__Polyangium fumosum,0.0,0.0,0.00053,0.0
s__Polynucleobacter necessarius_G,0.0,0.0,0.00044,0.0
s__Pseudaminobacter alhagi,0.00047,0.0,0.0,0.0
s__Pseudarthrobacter sp001424565,0.0,0.0,0.002,0.00226
s__Pseudarthrobacter sp004320525,0.00082,0.00191,0.0024,0.0072
s__Pseudoclostridium thermosuccinogenes,0.00056,0.00047,0.0,0.00106
s__Pseudoduganella albidiflava,0.0,0.00047,0.0,0.0
s__Pseudoduganella armeniaca,0.0,0.0,0.00071,0.0
s__Pseudoduganella sp900113115,0.0,0.00111,0.0,0.0
s__Pseudomonas_E fluorescens_A,0.00062,0.0,0.0,0.00058
s__Pseudomonas_E fluorescens_O,0.0,0.0,0.00368,0.00187
s__Pseudomonas_E jessenii,0.00067,0.00349,0.00657,0.00374
s__Pseudomonas_E laurylsulfatiphila,0.0,0.0,0.0008,0.0
s__Pseudomonas_E laurylsulfativorans,0.0,0.0,0.00115,0.0
s__Pseudomonas_E lini,0.0,0.0,0.0,0.00082
s__Pseudomonas_E putida_E,0.0,0.002,0.0,0.0
s__Pseudomonas_E putida_G,0.0,0.0,0.00053,0.00101
s__Pseudomonas_E silesiensis,0.00044,0.00072,0.00169,0.00264
s__Pseudomonas_E sp000282215,0.00481,0.00119,0.00244,0.00058
s__Pseudomonas_E sp000282415,0.00064,0.0,0.0,0.0
s__Pseudomonas_E sp000282455,0.0,0.0,0.00164,0.00048
s__Pseudomonas_E sp000955815,0.0,0.0,0.00058,0.0
s__Pseudomonas_E sp001269805,0.00056,0.0,0.00058,0.0
s__Pseudomonas_E sp001269815,0.0,0.0,0.00058,0.0
s__Pseudomonas_E sp001297015,0.0,0.0,0.0,0.00806
s__Pseudomonas_E sp001421885,0.00097,0.0,0.0,0.0
s__Pseudomonas_E sp001429045,0.0,0.0,0.00266,0.00101
s__Pseudomonas_E sp002113025,0.0,0.0,0.0024,0.0
s__Pseudomonas_E sp002113375,0.0,0.0,0.00058,0.0
s__Pseudomonas_E sp002303925,0.00032,0.0,0.00444,0.00178
s__Pseudomonas_E sp003050925,0.0,0.0,0.00328,0.00086
s__Pseudomonas_E sp003053605,0.0,0.0,0.00515,0.0
s__Pseudomonas_E sp900187495,0.0,0.0,0.0,0.00048
s__Pseudomonas_E sp900187505,0.0,0.00085,0.0,0.0
s__Pseudomonas_E sp900187565,0.00032,0.0,0.0,0.0
s__Pseudomonas_E sp900187615,0.00088,0.00072,0.00572,0.0
s__Pseudomonas_E syringae_E,0.0,0.0,0.00053,0.0
s__QIAA01 sp003224905,0.00114,0.00115,0.0,0.0
s__Quasibacillus thermotolerans,0.001,0.00047,0.0,0.00562
s__RBG-16-66-20 sp001770285,0.0,0.0,0.04427,0.0
s__RBG-16-66-20 sp005240145,0.00082,0.0,0.0094,0.0
s__RBG-16-66-20 sp005777205,0.0,0.0,0.00089,0.0
s__RBG-16-71-46 sp001780165,0.0,0.0,0.00124,0.0
s__RCIZ01 sp003666685,0.0,0.0006,0.0,0.0
s__RSA1 sp002919305,0.01632,0.00621,0.00177,0.02395
s__RSA11 sp002919115,0.00443,0.0,0.0,0.0
s__RSA17 sp002919105,0.00053,0.0,0.0,0.00086
s__RSA5 sp002919235,0.0005,0.00072,0.00089,0.00115
s__RSA9 sp003242735,0.00369,0.0046,0.00102,0.00355
s__Ramlibacter sp000426125,0.0,0.0,0.00075,0.0
s__Ramlibacter sp001424545,0.0,0.0,0.00058,0.0
s__Ramlibacter sp003797765,0.00044,0.00106,0.00062,0.00091
s__Ramlibacter sp004144865,0.0,0.0,0.00089,0.0
s__Reyranella sp001767945,0.0,0.0,0.0008,0.0
s__Reyranella sp003153415,0.0,0.0,0.00053,0.0
s__Reyranella sp004296815,0.0,0.0,0.00062,0.0
s__Reyranella sp004296935,0.00088,0.00098,0.00067,0.0
s__Reyranella sp005884705,0.0,0.0,0.00071,0.0
s__Reyranella sp900110395,0.05536,0.05672,0.00497,0.00288
s__Rhizobacter gummiphilus,0.00041,0.00077,0.0,0.0
s__Rhizobacter sp000799305,0.0,0.0,0.00053,0.0
s__Rhizobacter sp001425785,0.00161,0.00162,0.0,0.00144
s__Rhizobacter sp001425865,0.0,0.0,0.00067,0.00058
s__Rhizobacter sp003152055,0.0,0.0,0.00146,0.0
s__Rhizobacter sp003852895,0.0,0.0,0.00044,0.0
s__Rhizobium leguminosarum_J,0.0,0.0,0.0,0.00048
s__Rhodococcus erythropolis,0.00302,0.00234,0.0008,0.00216
s__Rhodococcus globerulus,0.00267,0.00094,0.00164,0.00485
s__Rhodococcus jostii,0.00293,0.0,0.00231,0.0
s__Rhodococcus jostii_A,0.0,0.00089,0.0,0.0
s__Rhodococcus koreensis,0.0,0.00149,0.0,0.0
s__Rhodococcus opacus,0.0,0.00085,0.00138,0.00134
s__Rhodococcus sp001040705,0.00056,0.0,0.0,0.0
s__Rhodococcus sp001984015,0.01108,0.01391,0.00204,0.00115
s__Rhodococcus sp002245895,0.00056,0.0,0.0,0.0
s__Rhodococcus tukisamuensis,0.00056,0.0,0.0,0.0
s__Rickettsiella isopodorum,0.00662,0.0,0.0429,0.00197
s__Roseateles_A aquatilis,0.0,0.0,0.00044,0.0
s__Ruminiclostridium_D cellulosi,0.00103,0.00064,0.00106,0.00274
s__Rummeliibacillus sp003576525,0.0,0.0,0.0,0.00082
s__SCGC-AG-212-J23 sp001644455,0.00123,0.00077,0.00905,0.00053
s__SCGC-AG-212-J23 sp001772055,0.0005,0.0,0.01202,0.0
s__SCGC-AG-212-J23 sp005881595,0.00064,0.00064,0.02147,0.00053
s__SCGC-AG-212-J23 sp005883675,0.0,0.0,0.00838,0.0
s__SCGC-AG-212-J23 sp005888925,0.00041,0.0,0.01158,0.0
s__SCN-69-37 sp001724025,0.00155,0.0026,0.00222,0.00048
s__SCN-69-37 sp003242705,0.0,0.0,0.00071,0.0
s__SCN-69-89 sp001724855,0.0,0.0,0.00067,0.0
s__SCN-69-89 sp001898645,0.0,0.0,0.00093,0.0
s__SCN-69-89 sp003576795,0.0,0.0,0.00058,0.0
s__SCN-69-89 sp003577305,0.0,0.0,0.0008,0.0
s__SCN-70-22 sp001724275,0.0,0.0,0.00053,0.0
s__SCTL01 sp004297495,0.00047,0.0,0.00071,0.0
s__SCTM01 sp004297485,0.0,0.0,0.00133,0.0
s__SCUD01 sp004297335,0.0,0.0,0.00098,0.0
s__SCUN01 sp004297655,0.0,0.0,0.00049,0.0
s__SG8-30 sp001303245,0.0,0.0,0.00044,0.0
s__SG8-39 sp001303445,0.0,0.0,0.00435,0.0
s__SG8-41 sp001303585,0.0,0.0,0.00244,0.0
s__SG8-41 sp001771935,0.0007,0.00132,0.01304,0.0
s__SHNE01 sp004295015,0.0,0.0,0.00182,0.0
s__SWB02 sp000974665,0.0,0.0,0.00049,0.0
s__SWB02 sp001464425,0.0,0.0,0.00049,0.0
s__SWB02 sp003242075,0.0,0.0,0.00053,0.0
s__SWB02 sp900696695,0.0,0.0,0.00075,0.0
s__SXND01 sp005777235,0.00053,0.00064,0.0,0.0
s__SXOA01 sp005778405,0.00064,0.0,0.0,0.0
s__Saccharomonospora azurea,0.00041,0.0,0.0008,0.00149
s__Saccharomonospora glauca,0.05902,0.07136,0.03731,0.01186
s__Saccharomonospora viridis,0.0141,0.01009,0.05456,0.03902
s__Saccharopolyspora rectivirgula,0.00211,0.00132,0.01078,0.00206
s__Schlegelella brachyspora,0.0,0.0,0.00071,0.0
s__Schlegelella thermodepolymerans,0.0,0.0,0.00053,0.0
s__Skermanella aerolata,0.00147,0.00209,0.0,0.0
s__Solirubrobacter pauli,0.00035,0.00047,0.0,0.0
s__Solirubrobacter soli,0.00059,0.00089,0.00044,0.00067
s__Solirubrobacter sp000425945,0.0,0.0,0.00053,0.00058
s__Sphaerimonospora mesophila,0.00053,0.00047,0.0,0.0
s__Sphaerobacter thermophilus,0.00577,0.00409,0.00266,0.00355
s__Sphingobacterium sp001006065,0.0,0.0,0.0,0.00293
s__Sphingomonas sp002796605,0.0,0.0,0.00067,0.0
s__Spirillospora hallensis,0.00662,0.00413,0.0118,0.00907
s__Spirillospora mexicana,0.00044,0.00094,0.0,0.0
s__Spirillospora meyerae,0.0,0.0,0.00053,0.00058
s__Stenotrophomonas maltophilia_AA,0.0,0.0,0.0,0.00086
s__Stenotrophomonas rhizophila,0.0,0.0,0.0,0.0085
s__Steroidobacter denitrificans,0.0,0.0,0.00191,0.0
s__Streptomyces antibioticus_B,0.00062,0.0,0.0,0.00062
s__Streptomyces anulatus_B,0.00041,0.0,0.00169,0.00072
s__Streptomyces europaeiscabiei,0.00064,0.00077,0.00195,0.00134
s__Streptomyces gardneri,0.0,0.00089,0.0,0.0
s__Streptomyces geranii,0.0,0.0,0.0,0.00178
s__Streptomyces lunaelactis,0.00041,0.0,0.00062,0.00096
s__Streptomyces megasporus,0.0,0.0,0.0,0.00058
s__Streptomyces phaeochromogenes,0.00108,0.0,0.00093,0.00245
s__Streptomyces sp000720115,0.0,0.0,0.00053,0.0
s__Streptomyces sp000972385,0.00056,0.00089,0.0,0.00163
s__Streptomyces sp001427245,0.0005,0.0,0.0,0.00058
s__Streptomyces sp001905505,0.00273,0.0,0.00067,0.00403
s__Streptomyces sp002080455,0.0,0.0,0.0,0.00096
s__Streptomyces sp002910915,0.0,0.0,0.0,0.00072
s__Streptomyces sp003024195,0.0,0.0,0.00071,0.00139
s__Streptomyces sp003949505,0.00232,0.00153,0.00177,0.0037
s__Streptomyces sp006715635,0.00164,0.0006,0.00058,0.00125
s__Streptomyces sp900091315,0.00056,0.0,0.0,0.0
s__Streptomyces sp900114955,0.0,0.00451,0.0,0.0
s__Streptomyces sp900116325,0.00032,0.0,0.0,0.00072
s__Streptomyces speibonae,0.00038,0.0,0.00058,0.0
s__Streptomyces thermocarboxydus,0.00067,0.00072,0.00089,0.00158
s__Streptomyces thermovulgaris,0.00662,0.00804,0.00688,0.00893
s__Streptomyces turgidiscabies,0.0,0.0,0.00058,0.0
s__Streptomyces virginiae_A,0.00085,0.00085,0.0,0.00101
s__Streptomyces xanthophaeus,0.0,0.0,0.00257,0.00082
s__Streptosporangium roseum,0.00085,0.0,0.0,0.0
s__Streptosporangium subroseum,0.0,0.00055,0.0,0.0
s__Symbiobacterium thermophilum,0.00185,0.0014,0.00386,0.00398
s__TA-21 sp005877075,0.00211,0.00604,0.0,0.0
s__TA-21 sp005877345,0.00243,0.00204,0.0,0.0
s__Thermaerobacter sp004634385,0.0005,0.00064,0.0,0.00182
s__Thermasporomyces composti,0.01369,0.01119,0.00435,0.02155
s__Thermoactinomyces vulgaris,0.01301,0.0194,0.04613,0.03989
s__Thermoactinomyces_A daqus,0.00059,0.00055,0.00071,0.00106
s__Thermobacillus composti,0.00161,0.00204,0.00271,0.00278
s__Thermobacillus sp002159085,0.0,0.00115,0.0,0.00091
s__Thermobifida fusca,0.01697,0.0086,0.03535,0.00898
s__Thermobispora bispora,0.0141,0.01213,0.00519,0.02597
s__Thermoclostridium stercorarium,0.00032,0.0,0.00067,0.0
s__Thermocrispum municipale,0.0,0.0,0.00067,0.0
s__Thermomonas sp006337105,0.0,0.0,0.00049,0.0
s__Thermomonospora catenispora,0.00155,0.00068,0.00049,0.00658
s__Thermomonospora curvata,0.00777,0.01,0.01193,0.0456
s__Thermopolyspora flexuosa,0.00548,0.00813,0.00701,0.01848
s__Thermopolyspora sp003242605,0.02573,0.02021,0.00572,0.08568
s__Thermostaphylospora chromogena,0.02617,0.04702,0.02342,0.03931
s__Tranquillimonas alkanivorans,0.00059,0.0,0.00825,0.0
s__UBA2336 sp002425185,0.0,0.0,0.00044,0.0
s__UBA2376 sp002344285,0.00059,0.0,0.00053,0.0
s__UBA2376 sp900696455,0.0,0.0,0.00098,0.0
s__UBA2386 sp002343845,0.00047,0.00089,0.00195,0.0
s__UBA2386 sp005776475,0.00038,0.00064,0.00177,0.0
s__UBA4615 sp003818495,0.0,0.0,0.00075,0.0
s__UBA5619 sp003141195,0.00038,0.0,0.0,0.0
s__UBA8639 sp003523945,0.00047,0.0,0.0,0.0
s__UBA964 sp002292945,0.0,0.0,0.00044,0.0
s__USCg-Taylor sp002007425,0.01307,0.00336,0.00253,0.00067
s__UTPRO2 sp002840845,0.0,0.0,0.00053,0.0
s__UTPRO2 sp003105015,0.0,0.0,0.00084,0.0
s__Ureibacillus endophyticus,0.0,0.0,0.0,0.00154
s__Ureibacillus terrenus,0.0,0.00051,0.00053,0.00106
s__Ureibacillus thermophilus,0.0,0.0,0.00058,0.0
s__Ureibacillus thermosphaericus,0.0022,0.00323,0.00652,0.00384
s__VAYN01 sp005885405,0.00064,0.00447,0.00071,0.00067
s__VAZQ01 sp005883115,0.00164,0.00132,0.00071,0.00053
s__VBAS01 sp005882315,0.00961,0.00736,0.0,0.0
s__VBCK01 sp005882215,0.0,0.0,0.00067,0.0
s__VBDM01 sp005881355,0.0,0.0,0.00142,0.0
s__VBDM01 sp005881575,0.0,0.0,0.00151,0.0
s__VBDM01 sp005882235,0.0,0.0,0.00058,0.0
s__VBDM01 sp005884335,0.00041,0.0,0.00058,0.0
s__VBDM01 sp005884455,0.0,0.0,0.00231,0.0
s__VBDM01 sp005888995,0.0,0.0,0.00058,0.0
s__Variovorax soli,0.0,0.0,0.00044,0.0
s__Variovorax sp001424835,0.0,0.00085,0.00235,0.00163
s__Variovorax sp001984055,0.0,0.0,0.00044,0.0
s__Variovorax sp002754375,0.0,0.0,0.00044,0.0
s__Variovorax sp003984625,0.0,0.0,0.0,0.00058
s__Variovorax sp004340105,0.0,0.0,0.00049,0.0
s__Variovorax sp900099805,0.00047,0.0,0.0,0.00048
s__Variovorax sp900114785,0.0,0.0,0.00053,0.0
s__WS-11 sp005893365,0.0,0.0,0.00058,0.0
s__WS-2 sp005893185,0.0,0.00068,0.00049,0.0
s__Williamsia faeni,0.04754,0.0,0.00288,0.00206
s__Z2-YC6860 sp001579845,0.00067,0.0,0.00071,0.00134
s__Z2-YC6860 sp003169835,0.0,0.0,0.00049,0.0
s__ZC4RG25 sp002919265,0.0073,0.01089,0.00452,0.02525
s__ZC4RG25 sp003242645,0.033,0.04906,0.00825,0.09355
s__ZC4RG40 sp003242475,0.00038,0.0,0.0,0.0
s__ZC4RG42 sp003242425,0.0,0.0,0.0008,0.0
